Country,Year,HDI,Life expectancy,Expected schooling,Mean schooling,GNI per capita
Argentina,1990,0.733,71.615,13.392,8.123,16405.538
Argentina,1991,0.739,72.02,13.352,8.19,17856.91
Argentina,1992,0.743,72.096,13.313,8.258,19221.273
Argentina,1993,0.748,72.303,13.273,8.326,20647.811
Argentina,1994,0.753,72.732,13.233,8.394,21524.649
Argentina,1995,0.754,72.864,13.454,8.462,20563.514
Argentina,1996,0.76,73.056,13.676,8.53,21380.677
Argentina,1997,0.768,73.407,13.897,8.598,22816.731
Argentina,1998,0.772,73.412,14.119,8.666,23342.465
Argentina,1999,0.783,73.683,15.173,8.734,22262.918
Argentina,2000,0.789,73.91,15.688,8.802,21829.005
Argentina,2001,0.795,74.154,16.306,8.87,20594.249
Argentina,2002,0.795,74.312,16.393,9.395,17684.029
Argentina,2003,0.804,74.307,16.266,9.92,19287.863
Argentina,2004,0.808,74.871,16.299,10.01,19297.191
Argentina,2005,0.812,75.231,16.018,10.1,20754.83
Argentina,2006,0.822,75.279,16.174,10.19,24187.482
Argentina,2007,0.825,74.783,16.189,10.3,26278.012
Argentina,2008,0.833,75.428,16.382,10.41,27101.622
Argentina,2009,0.835,75.577,16.71,10.54,25086.764
Argentina,2010,0.844,75.68,17.029,10.6,27445.604
Argentina,2011,0.852,76.1,17.264,10.7,28905.575
Argentina,2012,0.85,75.802,17.235,10.79,28438.58
Argentina,2013,0.852,75.829,17.234,10.89,28870.644
Argentina,2014,0.855,76.268,17.422,10.91,27871.627
Argentina,2015,0.859,76.6,17.585,10.92,28379.734
Argentina,2016,0.857,76.105,17.858,10.93,27396.493
Argentina,2017,0.861,76.543,17.843,11.015,27761.533
Argentina,2018,0.861,76.77,17.858,11.1,26467.489
Argentina,2019,0.861,76.847,18.086,11.12,25601.254
Argentina,2020,0.851,75.878,18.361,11.14,23151.584
Argentina,2021,0.847,73.948,18.98,11.185,25560.64
Argentina,2022,0.858,75.806,18.831,11.185,26607.297
Argentina,2023,0.865,77.395,18.831,11.185,25876.053
Brazil,1990,0.641,65.862,14.095,3.685,12177.599
Brazil,1991,0.645,66.203,14.144,3.831,12141.591
Brazil,1992,0.648,66.539,14.193,3.977,11917.31
Brazil,1993,0.654,66.892,14.243,4.123,12236.7
Brazil,1994,0.659,67.293,14.292,4.269,12566.512
Brazil,1995,0.666,67.701,14.342,4.415,13216.466
Brazil,1996,0.671,68.108,14.392,4.586,13310.533
Brazil,1997,0.676,68.505,14.442,4.758,13514.076
Brazil,1998,0.68,68.848,14.492,4.929,13306.283
Brazil,1999,0.684,69.211,14.543,5.101,13050.639
Brazil,2000,0.69,69.584,14.593,5.272,13467.053
Brazil,2001,0.694,69.98,14.644,5.449,13427.601
Brazil,2002,0.7,70.396,14.695,5.626,13648.422
Brazil,2003,0.705,70.884,14.746,5.803,13667.458
Brazil,2004,0.712,71.361,14.797,5.98,14319.797
Brazil,2005,0.718,71.832,14.849,6.15,14625.91
Brazil,2006,0.725,72.296,14.901,6.32,15097.842
Brazil,2007,0.732,72.73,14.952,6.5,15909.409
Brazil,2008,0.739,73.111,15.004,6.67,16499.577
Brazil,2009,0.742,73.457,15.057,6.77,16361.899
Brazil,2010,0.748,73.779,15.109,6.88,17266.858
Brazil,2011,0.753,74.047,15.162,7.01,17878.729
Brazil,2012,0.758,74.335,15.214,7.22,18075.399
Brazil,2013,0.762,74.609,15.245,7.29,18668.243
Brazil,2014,0.765,74.823,15.368,7.38,18514.503
Brazil,2015,0.764,75.106,15.245,7.51,17708.304
Brazil,2016,0.765,75.081,15.294,7.73,16949.15
Brazil,2017,0.77,75.383,15.407,7.85,17079.212
Brazil,2018,0.774,75.633,15.504,7.98,17087.873
Brazil,2019,0.776,75.809,15.449,8.126,17183.423
Brazil,2020,0.77,74.506,15.446,8.274,16609.429
Brazil,2021,0.768,73.038,15.579,8.425,17121.542
Brazil,2022,0.78,74.872,15.793,8.425,17593.548
Brazil,2023,0.786,75.848,15.793,8.425,18011.285
Colombia,1990,0.623,68.701,9.167,6.347,9675.699
Colombia,1991,0.63,68.772,9.699,6.398,9723.349
Colombia,1992,0.639,68.764,10.261,6.449,9959.255
Colombia,1993,0.645,69.083,10.42,6.5,10382.782
Colombia,1994,0.65,69.422,10.521,6.552,10880.789
Colombia,1995,0.655,69.81,10.557,6.604,11242.922
Colombia,1996,0.663,70.209,11.07,6.655,11221.792
Colombia,1997,0.67,70.632,11.422,6.707,11393.887
Colombia,1998,0.676,70.924,11.774,6.759,11316.954
Colombia,1999,0.673,70.913,11.718,6.811,10675.72
Colombia,2000,0.679,70.905,12.154,6.863,10752.342
Colombia,2001,0.681,71.185,12.156,6.915,10733.055
Colombia,2002,0.684,71.537,12.158,6.966,10811.613
Colombia,2003,0.691,72.309,12.407,7.018,10991.904
Colombia,2004,0.699,72.76,12.656,7.07,11403.588
Colombia,2005,0.711,73.156,13.179,7.28,11899.379
Colombia,2006,0.712,73.497,13.524,6.8,12520.517
Colombia,2007,0.724,73.751,13.79,7.19,13140.197
Colombia,2008,0.731,74.206,13.993,7.32,13350.11
Colombia,2009,0.736,74.531,14.439,7.25,13416.902
Colombia,2010,0.741,74.876,14.414,7.39,13780.656
Colombia,2011,0.747,75.18,14.5,7.52,14448.389
Colombia,2012,0.748,75.611,14.18,7.63,14921.177
Colombia,2013,0.76,75.834,14.7,7.83,15593.754
Colombia,2014,0.763,75.95,14.602,7.99,16253.912
Colombia,2015,0.767,76.067,14.645,8.05,16856.34
Colombia,2016,0.772,76.228,14.766,8.22,17060.404
Colombia,2017,0.774,76.418,14.736,8.36,16924.749
Colombia,2018,0.775,76.579,14.629,8.5,16894.49
Colombia,2019,0.777,76.793,14.524,8.64,17170.044
Colombia,2020,0.764,74.757,14.279,8.86,15910.609
Colombia,2021,0.762,72.698,14.437,9.032,17310.306
Colombia,2022,0.782,76.508,14.286,9.032,18321.47
Colombia,2023,0.788,77.725,14.286,9.032,18665.95
Mexico,1990,0.668,69.034,11.181,5.95,17073.438
Mexico,1991,0.67,69.368,11.028,6.021,17502.727
Mexico,1992,0.672,69.663,10.992,6.092,17793.142
Mexico,1993,0.675,69.961,10.955,6.163,18036.868
Mexico,1994,0.68,70.302,11.065,6.234,18447.596
Mexico,1995,0.68,70.703,11.215,6.305,16818.423
Mexico,1996,0.687,71.088,11.367,6.376,17606.442
Mexico,1997,0.694,71.472,11.467,6.447,18702.557
Mexico,1998,0.701,71.792,11.704,6.518,19538.229
Mexico,1999,0.706,72.203,11.845,6.589,19812.335
Mexico,2000,0.712,72.562,11.962,6.66,20485.334
Mexico,2001,0.715,72.912,11.995,6.817,20133.339
Mexico,2002,0.722,73.106,12.332,6.975,19890.885
Mexico,2003,0.728,73.308,12.589,7.132,19853.749
Mexico,2004,0.732,73.432,12.663,7.29,20307.151
Mexico,2005,0.736,73.627,12.718,7.49,20328.261
Mexico,2006,0.745,73.746,12.846,7.87,21003.711
Mexico,2007,0.747,73.796,12.991,7.88,21139.434
Mexico,2008,0.75,73.695,13.192,7.95,21126.775
Mexico,2009,0.749,73.628,13.276,8.14,19518.276
Mexico,2010,0.751,73.718,13.42,8.01,20307.755
Mexico,2011,0.757,73.921,13.464,8.25,20623.107
Mexico,2012,0.764,74.128,13.732,8.49,20934.125
Mexico,2013,0.765,74.289,13.913,8.36,20669.12
Mexico,2014,0.769,74.404,14.083,8.4,21036.909
Mexico,2015,0.773,74.431,14.234,8.6,21327.019
Mexico,2016,0.778,74.376,14.676,8.6,21436.278
Mexico,2017,0.781,74.261,14.853,8.74,21616.683
Mexico,2018,0.785,74.301,14.923,8.93,21820.257
Mexico,2019,0.788,74.53,14.946,9.075,21520.564
Mexico,2020,0.763,70.449,14.823,9.22,19448.467
Mexico,2021,0.761,69.75,14.505,9.35,20588.271
Mexico,2022,0.783,73.973,14.468,9.35,21334.799
Mexico,2023,0.789,75.069,14.468,9.35,21812.656
Uruguay,1990,0.713,72.994,12.968,7.155,13637.144
Uruguay,1991,0.717,73.198,13.056,7.193,14202.812
Uruguay,1992,0.719,73.185,12.866,7.231,15314.567
Uruguay,1993,0.722,73.147,12.987,7.269,15654.494
Uruguay,1994,0.727,73.162,13.108,7.307,16658.549
Uruguay,1995,0.729,73.493,13.229,7.346,16365.778
Uruguay,1996,0.736,73.812,13.349,7.47,17212.293
Uruguay,1997,0.747,73.92,13.721,7.681,18694.314
Uruguay,1998,0.757,74.029,14.092,7.893,19427.088
Uruguay,1999,0.76,74.293,14.132,8.104,19154.085
Uruguay,2000,0.764,74.693,14.167,8.316,18691.348
Uruguay,2001,0.771,74.987,14.681,8.527,17919.097
Uruguay,2002,0.775,74.979,15.135,8.739,16645.44
Uruguay,2003,0.78,75.086,15.546,8.95,16034.207
Uruguay,2004,0.779,75.319,15.488,8.633,16780.26
Uruguay,2005,0.778,75.829,15.11,8.317,18275.032
Uruguay,2006,0.777,75.888,15.161,8,19118.91
Uruguay,2007,0.78,76.15,14.79,8.185,20334.445
Uruguay,2008,0.783,76.275,14.539,8.37,21590.621
Uruguay,2009,0.787,76.67,14.599,8.37,22389.761
Uruguay,2010,0.796,76.691,15.152,8.33,23964.673
Uruguay,2011,0.801,76.614,15.373,8.4,25214.303
Uruguay,2012,0.804,76.691,15.498,8.48,25030.746
Uruguay,2013,0.812,76.953,15.841,8.52,26669.897
Uruguay,2014,0.816,77.194,15.888,8.61,27145.066
Uruguay,2015,0.818,77.285,15.886,8.67,27679.039
Uruguay,2016,0.821,77.351,16.141,8.7,27898.028
Uruguay,2017,0.827,77.618,16.336,8.83,28056.601
Uruguay,2018,0.826,77.527,16.269,8.91,28021.35
Uruguay,2019,0.83,77.503,16.458,8.98,28494.224
Uruguay,2020,0.837,78.381,16.516,9.5,26234.932
Uruguay,2021,0.837,75.434,17.352,10.02,26279.041
Uruguay,2022,0.852,76.468,17.484,10.54,27826.695
Uruguay,2023,0.862,78.138,17.484,10.54,28649.822
Venezuela (Bolivarian Republic of),1990,0.658,70.964,10.278,5.34,18021.09
Venezuela (Bolivarian Republic of),1991,0.669,71.172,10.54,5.588,19309.13
Venezuela (Bolivarian Republic of),1992,0.676,71.177,10.673,5.836,20008.43
Venezuela (Bolivarian Republic of),1993,0.68,71.385,10.646,6.085,19612.56
Venezuela (Bolivarian Republic of),1994,0.681,71.283,10.618,6.333,18730.78
Venezuela (Bolivarian Republic of),1995,0.687,71.714,10.591,6.581,19052.12
Venezuela (Bolivarian Republic of),1996,0.69,71.92,10.563,6.829,18614.02
Venezuela (Bolivarian Republic of),1997,0.698,72.56,10.536,7.077,19400.09
Venezuela (Bolivarian Republic of),1998,0.7,72.446,10.508,7.325,19075.63
Venezuela (Bolivarian Republic of),1999,0.698,72.088,10.481,7.574,17585.02
Venezuela (Bolivarian Republic of),2000,0.703,72.388,10.453,7.822,17634.27
Venezuela (Bolivarian Republic of),2001,0.708,71.019,11.046,8.07,17932.35
Venezuela (Bolivarian Republic of),2002,0.716,72.823,11.639,7.958,16079.02
Venezuela (Bolivarian Republic of),2003,0.707,72.056,11.664,7.846,14594.73
Venezuela (Bolivarian Republic of),2004,0.718,72.752,11.884,7.734,16991.15
Venezuela (Bolivarian Republic of),2005,0.728,73.075,12.429,7.622,18452.27
Venezuela (Bolivarian Republic of),2006,0.736,72.972,12.975,7.51,19961.97
Venezuela (Bolivarian Republic of),2007,0.753,73.348,13.52,7.99,21379.37
Venezuela (Bolivarian Republic of),2008,0.759,72.578,14.065,8.14,22169.64
Venezuela (Bolivarian Republic of),2009,0.76,72.785,14.121,8.25,21141.1
Venezuela (Bolivarian Republic of),2010,0.764,73.092,14.028,8.685,20520.8
Venezuela (Bolivarian Republic of),2011,0.77,73.09,13.937,9.12,21067.88
Venezuela (Bolivarian Republic of),2012,0.772,73.086,13.846,9.25,21933.83
Venezuela (Bolivarian Republic of),2013,0.773,73.076,13.755,9.38,21914.38
Venezuela (Bolivarian Republic of),2014,0.77,72.837,13.665,9.51,20768.08
Venezuela (Bolivarian Republic of),2015,0.768,73.004,13.575,9.64,19212.89
Venezuela (Bolivarian Republic of),2016,0.761,72.002,13.485,10.31,15890.37
Venezuela (Bolivarian Republic of),2017,0.749,71.903,13.395,10.136,13519.56
Venezuela (Bolivarian Republic of),2018,0.741,72.641,13.305,9.962,11440.55
Venezuela (Bolivarian Republic of),2019,0.724,72.766,13.192,9.82,8598.08
Venezuela (Bolivarian Republic of),2020,0.699,72.369,13.079,9.678,5990.3
Venezuela (Bolivarian Republic of),2021,0.696,71.536,12.965,9.678,6130.16
Venezuela (Bolivarian Republic of),2022,0.706,72.566,12.965,9.678,6785.11
Venezuela (Bolivarian Republic of),2023,0.709,72.514,12.965,9.678,7157.08
Latin America And The Caribbean,1990,0.648,67.459,11.903,5.521,12156.545
Latin America And The Caribbean,1991,0.653,67.771,11.948,5.627,12430.402
Latin America And The Caribbean,1992,0.657,68.045,12.006,5.732,12606.668
Latin America And The Caribbean,1993,0.661,68.384,12.014,5.839,12917.667
Latin America And The Caribbean,1994,0.666,68.759,12.079,5.946,13231.433
Latin America And The Caribbean,1995,0.67,69.149,12.184,6.053,13190.226
Latin America And The Caribbean,1996,0.676,69.529,12.324,6.167,13475.212
Latin America And The Caribbean,1997,0.683,69.923,12.433,6.282,13997.232
Latin America And The Caribbean,1998,0.688,70.124,12.609,6.396,14143.631
Latin America And The Caribbean,1999,0.692,70.511,12.791,6.51,13889.118
Latin America And The Caribbean,2000,0.697,70.832,12.92,6.625,14155.96
Latin America And The Caribbean,2001,0.702,71.112,13.09,6.757,14024.141
Latin America And The Caribbean,2002,0.706,71.522,13.225,6.906,13803.68
Latin America And The Caribbean,2003,0.711,71.839,13.306,7.055,13884.559
Latin America And The Caribbean,2004,0.717,72.168,13.437,7.166,14407.75
Latin America And The Caribbean,2005,0.723,72.532,13.562,7.254,14843.75
Latin America And The Caribbean,2006,0.729,72.798,13.705,7.352,15614.085
Latin America And The Caribbean,2007,0.736,73.026,13.862,7.506,16327.034
Latin America And The Caribbean,2008,0.742,73.222,14.003,7.635,16792.715
Latin America And The Caribbean,2009,0.743,73.408,14.117,7.724,16228.923
Latin America And The Caribbean,2010,0.747,73.373,14.196,7.819,16969.253
Latin America And The Caribbean,2011,0.753,73.892,14.25,7.957,17533.241
Latin America And The Caribbean,2012,0.758,74.131,14.287,8.135,17852.615
Latin America And The Caribbean,2013,0.762,74.343,14.395,8.196,18217.937
Latin America And The Caribbean,2014,0.765,74.526,14.47,8.291,18240.27
Latin America And The Caribbean,2015,0.767,74.707,14.492,8.385,18143.512
Latin America And The Caribbean,2016,0.769,74.643,14.641,8.553,17743.707
Latin America And The Caribbean,2017,0.772,74.806,14.686,8.656,17767.513
Latin America And The Caribbean,2018,0.774,75.019,14.728,8.769,17685.319
Latin America And The Caribbean,2019,0.776,75.169,14.727,8.884,17522.944
Latin America And The Caribbean,2020,0.764,73.15,14.711,8.999,16165.31
Latin America And The Caribbean,2021,0.762,71.769,14.74,9.132,17124.742
Latin America And The Caribbean,2022,0.778,74.62,14.78,9.131,17759.408
Latin America And The Caribbean,2023,0.783,75.611,14.773,9.13,18047.956